supplier_key,supplier_name
1,REPUBLIC NATIONAL DISTRIBUTING CO
2,PWSWN INC
3,RELIABLE CHURCHILL LLLP
4,LANTERNA DISTRIBUTORS INC
5,DIONYSOS IMPORTS INC
6,KYSELA PERE ET FILS LTD
7,SANTA MARGHERITA USA INC
8,BROWN-FORMAN BEVERAGES WORLDWIDE
9,JIM BEAM BRANDS CO
10,INTERNATIONAL CELLARS LLC
11,HEAVEN HILL DISTILLERIES INC
12,BACCHUS IMPORTERS LTD
13,MONSIEUR TOUTON SELECTION
14,"THE COUNTRY VINTNER, LLC DBA WINEBOW"
15,ROYAL WINE CORP
16,STE MICHELLE WINE ESTATES
17,Default
18,SAZERAC CO
19,SALVETO IMPORTS LLC
20,HUB WINE CORPORATION
21,ALLAGASH BREWING COMPANY
22,CAMPARI AMERICA LLC
23,PERNOD RICARD USA LLC
24,PRESTIGE BEVERAGE GROUP OF MD LLC
25,BACARDI USA INC
26,YOUNG WON TRADING INC
27,TROEGS BREWING COMPANY
28,CASTLE BRANDS USA CORP
29,LEGENDS LTD
30,WASHBURN WINE CO
31,CELICAR LLC DBA TWIN VALLEY DISTILLERS
32,DOPS INC
33,JACKSON FAMILY ENTERPRISES INC
34,BUCK DISTRIBUTING COMPANY INC
35,PUNTO VINO LLC
36,VICTORY BREWING COMPANY LLC
37,THE WINE GROUP
38,ELITE WINES IMPORTS
39,LUNEAU USA INC
40,BARON FRANCOIS LTD
41,PROXIMO SPIRITS INC
42,SOUTHERN GLAZERS WINE AND SPIRITS
43,DIAGEO NORTH AMERICA INC
44,OPICI FAMILY DISTRIBUTING OF MD
45,MICHAEL R DOWNEY SELECTIONS INC
47,ATLAS BREW WORKS LLC
48,FRONT PORCH MICRO WINERY LLC
49,TREASURY WINE ESTATES AMERICAS COMPANY
50,TRADEWINDS SPECIALTY IMPORTS LLC
51,CONSTELLATION BRANDS
52,SIERRA NEVADA BREWING CO
53,DUGGANS DISTILLERS PROD
54,VINTAGE WINE ESTATES INC
55,SAGAMORE WHISKEY LLC
56,J LOHR WINERY
57,LUXCO SPIRITED BRANDS
58,NEW PARROTT & CO
59,CRAFT WINE & SPIRITS OF MARYLAND LLC
60,MHW LTD
61,WILLIAM GRANT AND SONS INC
62,INTERBALT PRODUCTS CORP
63,ARTISANS & VINES LLC
64,BRONCO WINE COMPANY
65,TI BEVERAGE GROUP LTD
66,DELMAR BREWING COMPANY LLC
67,UNITED STATES DISTILLED PRODUCTS
68,RIGHT FORWARD LLC
69,A I G WINE & SPIRITS
70,GRAPES OF SPAIN INC
71,DEUTSCH FAMILY WINE & SPIRITS
72,MARK ANTHONY BRANDS INC
73,SUTTER HOME WINERY INC
74,DUVEL MOORTGAT USA LTD
75,BACKUP BEVERAGE
76,NORTH LOCK LLC DBA PORT CITY BREWING CO
77,PATERNO IMPORTS LTD
78,BANFI PRODUCTS CORP
79,HEINEKEN USA
80,CONSTANTINE WINES INC
81,JOS VICTORI WINES
82,STOLI GROUP (USA) LLC
83,E & J GALLO WINERY
84,DUCKHORN WINE COMPANY
85,TRI-VIN IMPORTS
86,PIPE CREEK WINES LLC
87,TREFETHEN VINEYARDS
88,BOSTON BEER CORPORATION
89,DON SEBASTIANI & SONS
90,VIGNOBLES LVDH USA INC
91,TRICANA SHIPPERS & IMPORT
92,LAPHAM SALES & MARKETING DBA LAPHAM
93,SCHUG CARNEROS ESTATE WINERY
94,PARK STREET IMPORTS LLC
95,AREL GROUP WINE & SPIRITS
96,MILLER BREWING COMPANY
97,KOBRAND CORPORATION
98,EASTERN LIQUOR DISTRIBUTORS INC
99,THE EDRINGTON GROUP USA LLC
100,FRANCIS COPPOLA WINERY LLC
101,SURVILLE ENTERPRISES CORP
102,SERRALLES USA LLC
103,DELICATO FAMILY VINEYARDS
104,REMY COINTREAU USA
105,CHASSEUR WINE LLC
106,AMERICAN BEVERAGE CORPORATION
107,MOET HENNESSY USA
108,KATCEF BROTHERS INC
109,FIVE GRAPES LLC
110,PRECEPT BRANDS LLC
111,DMV DISTRIBUTING LLC
112,FETZER VINEYARDS
113,TESTA WINES OF THE WORLD LTD
114,THE HESS COLLECTION
115,AMERICAN BEVERAGE MARKETERS
116,TAPWINES
117,HONIG VINEYARD AND WINERY
118,PREMIUM DISTRIBUTORS INC
119,JACK POUST & COMPANY INC
120,MONTEBELLO BRANDS INC
121,SIDNEY-FRANK IMPORTING CO
122,OREGON BREWING COMPANY
123,NARRAGANSETT BREWING COMPANY
124,ANHEUSER BUSCH INC
125,NEW BELGIUM BREWING INC
126,CROWN IMPORTS
127,PABST BREWING CO
128,ST SUPERY INC
129,THE BROOKLYN BREWERY CORPORATION
130,LABATT USA OPERATING CO LLC
131,GLOBAL OCEAN AND AIR CARGO SERVICES
132,BANVILLE & JONES WINE MERCHANTS
133,FLYING DOG BREWERY LLLP
134,MASS BAY BREWING CO
135,C MONDAVI & SONS
136,CANTINIERE IMPORTS & DISTRIBUTING INC
137,FOWLES WINE USA INC
138,FREIXENET MIONETTO USA INC
139,NICKOLAS IMPORTS LLC
140,DANGEROUS WINE GROUP LLC
141,MACK & SCHUHLE INC
142,NICHE IMPORTERS
143,FREE RUN WINE MERCHANTS LLC
144,QUINTESSENTIAL LLC
145,GROTH VINEYARDS & WINERY
146,TAP26MD LLC
147,SMT AQUISITIONS LLC
148,ATLANTIC WINE & SPIRITS
149,FREIXENET USA
150,CARROLL CREEK WHISKEY LLC
151,FERRARI CARANO WINERY
152,ALLIED IMPORTERS USA LTD
153,FN CELLARS LLC
154,YUENGLING BREWERY
155,THE SPANISH WINE IMPORTERS LLC
156,GAMBRINUS
157,EVEREST SPIRITS LLC
158,TENTH HARVEST LLC
159,SOVEREIGN BRANDS LLC
160,MADIDUS LLC
161,MCNEILL INDEPENDENT SPIRIT CREATORS LLC
162,RVWC LLC
163,THE RIVER WINE
164,HOME BREW MART INC
165,ST KILLIAN IMPORTING CO INC
166,COASTAL BREWING COMPANY LLC
167,CLIPPER CITY BREWING CO
168,VERMONT HARD CIDER COMPANY LLC
169,DC BRAU BREWING LLC
170,SPAINS BEST BEERS INC
171,BBL INC
172,BINDING BRAUEREI USA INC
173,TERRAPIN BEER COMPANY
174,BOLD ROCK PARTNERS LP
175,STEFANO INCORPORATED
176,WAGNER WINE COMPANY LLC
177,IMPERO WINE DISTRIBUTORS VIRGINIA INC
178,CHARLES JACQUIN ET CIE INC
179,WINE BRIDGE IMPORTS INC
180,ZURENA LLC
181,SAN ANTONIO WINERY INC
182,GOOSE RIDGE LLC
183,SOKOL BLOSSER LTD
184,O'NEILL BEVERAGES CO LLC
185,SCHMITT SOHNE INC
186,GEORGIAN HOUSE OF GREATER WASHINGTON
187,MEXCOR INTERNATIONAL
188,THE SANDY BOTTOM ENTERPRISES LLC
189,E M D SALES INC
190,CABERNET CORPORATION
191,FOLEY FAMILY WINES INC
192,PLUME RIDGE IRREVOCABLE TRUST
193,OSLO ENTERPRISE
194,THE TRITON COLLECTION INC
195,SWEETWATER BREWING COMPANY LLC
196,PHILLIPS FARMS LLC
197,ELK RUN VINEYARDS
198,LCF WINE COMPANY LLC
199,ROBERT OATLEY VINEYARDS INC
200,TREANA WINERY LLC
201,VINTAGE POINT LLC
202,AIKO IMPORTERS INC
203,WELL OILED WINE COMPANY LLC
204,FILIBUSTER BARRELS LLC
205,POTOMAC SELECTIONS INC
206,RED INK IMPORTS
207,MAST-JAEGERMEISTER US INC
208,VINTURE WINE COMPANY LLC
209,SCOPERTA IMPORTING COMPANY INC
210,PARAGON VINEYARD CO INC
211,KLEIN FAMILY VINTNERS
212,ROOTS RUN DEEP LLC
213,WI INC
214,WILLIAM HARRISON IMPORTS
215,FLAVOR SEEKERS LLC
216,FIFTH GENERATION INC
217,RUSSIAN STANDARD VODKA (USA) INC
218,COPPER CANE LLC
219,STELLAR IMPORTING CO LLC
220,LEGACY PARTNERS DISTRIBUTION LLC
221,REPUBLIC RESTORATIVES
222,SPLINTER GROUP NAPA LLC
223,FREDERICK WILDMAN & SONS
224,THREE STARS BREWING COMPANY LLC
225,PRESTIGE WINE IMPORTS
226,AZABU DISTILLING CO LLC
227,IMPERO WINE DISTRIBUTORS
228,VINTUS LLC
229,AMERICAN FIDELITY TRADING
230,HOTALING & CO LLC
231,PALM BAY IMPORTS
232,BASQUE BAR LLC
233,COMETE WINES LLC
234,SANGLIER SELECTIONS LLC
235,"GF WINES, LLC DBA GARY FARRELL WINERY"
236,MACCHU PISCO LLC
237,INFINIUM SPIRITS INC
238,VIN DIVINO LTD
239,FAR NIENTE WINERY INC
240,JORDAN VINEYARD
241,ST RICE WINE INC
242,DISARONNO INTERNATIONAL LLC
243,ADAMBA IMPORTS INTL
244,SUGARLOAF MOUNTAIN SUNLIGHT VINEYARD LLC
245,LAIRD AND COMPANY
246,RUTHERFORD WINE COMPANY
247,NOVELTY MD INC
248,WARSTEINER IMPORTERS
249,SLIGO MILL BREWING LLC
250,HOUTON PURVEYORS LLC
251,OHMRONE WINE AND LIQUOR LLC
252,MOUNT DEFIANCE CIDERY & DISTILLERY LLC
253,NEGUS BREWING COMPANY LLC
254,NEXTERRA WINE COMPANY
255,CITIZENS BREWING LLC
256,WESTERN SPIRITS BEVERAGE COMPANY LLC
257,LYON DISTILLING COMPANY LLC
258,BULLSHINE DISTILLERY LLC
259,DRAGON DISTILLERY LLC
260,OCEAN CITY BREWING CO LLC
261,LION NATHAN USA INC
262,KAHN PAPER COMPANY INC
263,CHEVAL QUANCARD
264,FRUIT OF THE VINES INC
265,SUGARLOAF MOUNTAIN VINEYARD LLC
266,KING ESTATE WINERY
267,ASAHI BEER USA INC
268,SINGHA NORTH AMERICA INC
269,HAMCO DC
270,BROOKEVILLE BREWING LLC
271,MESOZOIC TECHNOLOGIES LLC
272,BITTERMILK LLC
273,HARVEST IMPORTING LLC
274,REGAL WINE IMPORTS INC
275,THE WINE SOURCE INC
276,WINERY EXCHANGE INC
277,Z WINE GALLERY IMPORTS LLC
278,SAWM IMPORTS LLC
279,ST GEORGE SPIRITS INC
280,WILLIAMS CORNER WINE
281,LOOK VODKA LLC
282,BREWDOG BREWING COMPANY LLC
283,TRUE RESPITE BREWING COMPANY LLC
284,CROOK & MARKER LLC
285,VINIFERA DISTRIBUTING OF MARYLAND INC
286,MARQUEE SELECTIONS LLC
287,SMITH-ANDERSON ENTERPRISES INC
288,A VINTNERS SELECTIONS
289,DUCLAW BREWERY LLC
290,AMERICAN VINTAGE BEVERAGE INC
291,GRAPES & BARLEY LLC
292,SOUTHERN WINE & SPIRITS OF MARYLAND
293,CALVERT BREWING COMPANY
294,STARR HILL BREWERY LLC
295,GRAIL POINT BREWERY LLC
296,DOMAINE SELECT WINE & SPIRITS LLC
297,DOGFISH HEAD CRAFT BREWERY
298,WILSON DANIELS LTD
299,BOUTIQUE VINEYARDS LLC
300,ROBERT KACHER SELECTIONS LLC
301,EXCELSIOR WINE COMPANY LLC
302,FREDERICK P WINNER LTD
303,BOND DISTRIBUTING CO
304,ARCHER ROOSE LLC
305,AZIZ SHAFI TANNIC TONGUE
306,MONOCACY BREWING CO LLC
307,BASIGNANI WINERY
308,FX MATT BREWING CO
309,CRAFT BREW ALLIANCE INC
310,BOORDY VINEYARDS
311,SIMON N CELLARS LLC
312,VINTAGE WINES INC
313,ONE TRUE VINE
314,FIORE WINERY
315,SPADA ENTERPRISES INC
316,USA WINE WEST LLC
317,A&W BORDERS LLC
318,OENOS LLC
319,CAPE STARZ WINE LLC
320,A&E INC
321,LATITUDE BEVERAGE COMPANY
322,USA WINE IMPORTS
323,THREE HENS LLC T/A TENTH HARVEST
324,JOHN GIVEN WINES INC
325,BARREL ONE INC
326,SCHEID VINEYARDS CALIFORNIA INC
327,NOBLE VINTNERS INC
328,FRANK LIN MD
329,8 VINI INC
330,INTERNATIONAL SPIRITS & WINES LLC
331,CLASSIC WINE IMPORTS INC DBA VISION WINE
332,FRITZ IMPORTS LLC
333,PLATA WINE PARTNERS LLC
334,DOGFISH HEAD DISTILLERY LLC
335,WETTEN IMPORTERS INC
336,THE VINERY LLC
337,BORVIN BEVERAGE
338,VOLUBILIS IMPORTS INC
339,WEIN-BAUER INC
340,A HARDY USA LTD
341,AW DIRECT LLC
342,ROBERT GIRAUD
343,DESCHUTES BREWERY INC
344,ALTITUDE SPIRITS INC
345,CLASSIC WINE IMPORTS INC
346,SUBARASHII KUDAMONO CO INC
347,GRAND ENCLOS DU CHATEAU DE CERONS
348,CHEF SOUS LLC
349,GATOR RON'S LLC
350,PREMIUM DISTRIBUTORS OF MARYLAND
351,UNITED STATES BEVERAGE
352,URUGUAY IMPORTS LTD
353,WINEBOW INC
354,RAPP CAPITAL LLC
355,CHATEAU DIANA LLC
356,G GAUTHIER CELLARS INC
357,FREELANCE WINES LLC
358,MERRYVALE VINEYARDS
359,D'AQUINO ITALIAN IMPORTING CO INC
360,MONDO VINO
361,ORGANIC VINTNERS INC
362,ARIS A ZISSIS
363,WHITE ROCK DISTILLERS INC
364,LINNE CALODO INC
365,LA ISLA CORPORATION
366,FAROPIAN SPIRITS LTD
367,MAISON JOMERE LTD
368,RED MOUNTAIN DISTILLING & SPIRITS LLC
369,PACIFIC RIM WINEMAKERS
370,ROBERT OATLEY
371,SABLE RIDGE VINEYARD LLC
372,HEIMBUCH ESTATE VINEYARDS AND WINERY LLC
373,NICE LEGS LLC
374,CHADDSFORD WINERY LTD
375,VINTAGE VIRGINIA APPLES
376,DREYFUS ASHBY INC
377,MEIOMI
378,PAMPA BEVERAGES LLC DBA TRANSNATIONAL SU
379,DCD ENTERPRISES LLC
380,CASA CHIRICO LLC
381,BLACK ANKLE VINEYARDS LLC
382,DOGFISH HEAD CRAFT BREWERY LLC
383,NIEBAUM COPPOLA ESTATE WINERY LP
384,DISTRICT CIDER COMPANY INC
385,ONE EIGHT DISTILLING LLC
386,RED MOUNTAIN DISTILLING AND SPIRITS LLC
387,CHARM CITY BEVERAGE LLC
388,CHEERS DISTRIBUTING INC
389,THE DOG BEVERAGE CO INC
390,MARKERS EDGE LLC
391,FIOR DI SOLE LLC
392,PARALLEL WORLD BREWING COMPANY
393,SNR HOLDINGS LLC
394,RSL HOLDINGS INC
395,GJS SALES INC
396,TOBACCO BARN DISTILLERY
397,WITH MALUS AFORETHOUGHT LLC
